{
    "labels": [5000, 5500, 6000, 6500, 7000, 7500, 8000, 8500, 9000, 9500, 10000, 10500, 11000, 11500, 12000, 12500, 13000, 13500, 14000, 14500, 15000, 15500, 16000, 16500, 17000, 17500, 18000, 18500, 19000, 19500, 20000, 20500, 21000, 21500, 22000, 22500, 23000, 23500, 24000, 24500, 25000, 25500, 26000, 26500, 27000, 27500, 28000, 28500, 29000, 29500, 30000, 30500, 31000, 31500, 32000, 32500, 33000, 33500, 34000, 34500, 35000, 35500, 36000, 36500, 37000, 37500, 38000, 38500, 39000, 39500, 40000, 40500, 41000, 41500, 42000, 42500, 43000, 43500, 44000, 44500, 45000, 45500, 46000, 46500, 47000, 47500, 48000, 48500, 49000, 49500, 50000, 50500, 51000, 51500, 52000, 52500, 53000, 53500, 54000, 54500, 55000, 55500, 56000, 56500, 57000, 57500, 58000, 58500, 59000, 59500, 60000, 60500, 61000, 61500, 62000, 62500, 63000, 63500, 64000, 64500, 65000, 65500, 66000, 66500, 67000, 67500, 68000, 68500, 69000, 69500, 70000, 70500, 71000, 71500, 72000, 72500, 73000, 73500, 74000, 74500, 75000, 75500, 76000, 76500, 77000, 77500, 78000, 78500, 79000, 79500, 80000, 80500, 81000, 81500, 82000, 82500, 83000, 83500, 84000, 84500, 85000, 85500, 86000, 86500, 87000, 87500, 88000, 88500, 89000, 89500, 90000, 90500, 91000, 91500, 92000, 92500, 93000, 93500, 94000, 94500, 95000, 95500, 96000, 96500, 97000, 97500, 98000, 98500, 99000, 99500, 100000
],
    "datasets": [
        {
            "label": "Count-Min Sketch",
            "data": [2.4131395900003554, 2.3940039280023484, 2.371857927999372, 2.3870543299999554, 2.3872141989995725, 2.3997034969979723, 2.3810548200017365, 2.3816653339999903, 2.4015636340009223, 2.3583425329998136, 2.3711273170010827, 2.376975143000891, 2.3444865780002146, 2.4252130770000804, 2.3553396399984194, 2.3471872940026515, 2.387328412998613, 2.4328925750014605, 2.3385214379995887, 2.389345694999065, 2.4008324650021677, 2.3939599889999954, 2.412216961998638, 2.3406719400009024, 2.374328722999053, 2.4464547999996284, 2.3955798349998076, 2.432847514999594, 2.472024680002505, 2.441993491996982, 2.3684775229994557, 2.4943587010020565, 2.414218971000082, 2.400809927999944, 2.367239712999435, 2.3650158759992337, 2.354518983000162, 2.439446725999005, 2.811964693999471, 2.4816249830000743, 2.4273790450024535, 2.4273370549999527, 2.477311289996578, 2.4589808759992593, 2.4514623140021286, 2.504431507000845, 2.4869583520012384, 2.594529653997597, 2.6693912350019673, 2.6604861870000605, 2.7497297049994813, 2.5917633099998056, 2.513164713000151, 2.5405547200025467, 2.584097020000627, 2.43657618799989, 2.377004123001825, 2.5234570350003196, 2.4434068110022054, 2.458316599997488, 2.44621388700034, 2.333956180002133, 2.4191181610003696, 2.3186296909989323, 2.3802337199995236, 2.3197172899999714, 2.373797247000766, 2.3155506950024574, 2.325894788998994, 2.3244908089982346, 2.3382374940010777, 2.3210186319993227, 2.310350247000315, 2.3385519849980483, 2.299682646000292, 2.328821623003023, 2.366696265002247, 2.421184008999262, 2.480222591999336, 2.371033883999189, 2.3562931019987445, 2.4267186320030305, 2.4393811720001395, 2.423267999998643, 2.4239633420002065, 2.4469333339984587, 2.3551742489980825, 2.424969185998634, 2.7890141050011152, 2.568457514000329, 2.498904001997289, 2.7053825879993383, 2.636250782001298, 2.583727565001027, 2.4326100460020825, 2.322036140001728, 2.3153585529980774, 2.352372326000477, 2.318351048998011, 2.310251476999838, 2.3869162119990506, 2.335709204999148, 2.6002446920028888, 2.5236999320004543, 2.417817911002203, 2.402513925997482, 2.432057284997427, 2.416852097998344, 2.5680382270002156, 2.683083632000489, 2.494508367999515, 2.5017691089997243, 2.487257621000026, 2.419454268998379, 2.5906924459995935, 2.512094279001758, 2.671385821999138, 2.5868655100020987, 2.4975465719981003, 2.6424777590000303, 2.550337739998213, 2.5151583929982735, 2.518333503998292, 2.5139197600001353, 2.57890426999802, 2.5571564480014786, 2.5405869919995894, 2.5327053000000888, 2.5100013080009376, 2.6875825130009616, 2.852154016996792, 3.0022925670018594, 2.6039330619969405, 2.8027454240000225, 2.462337060998834, 2.389883935000398, 2.3754975509982614, 2.4042290590004995, 2.3589036619996477, 2.367430382000748, 2.3357070469974133, 2.306697690000874, 2.2782381910001277, 2.281864537999354, 2.360801270999218, 2.346792174001166, 2.292220979998092, 2.2803234759994666, 2.266261160002614, 2.2730750529990473, 2.2492350680004165, 2.232014479999634, 2.277890084002138, 2.315511097000126, 2.257435274001182, 2.358588270999462, 2.2479623750004976, 2.2468304639987764, 2.2401549520000117, 2.241030642999249, 2.2603098129984573, 2.25388800699875, 2.3404698230006034, 2.3146324930021365, 2.3251371440019284, 2.2802109789990936, 2.328409484001895, 2.2873329680005554, 2.3363461879998795, 2.269296316000691, 2.2926884250009607, 2.286750540999492, 2.2915603879991977, 2.6864329390009516, 2.4737588219977624, 3.1523672420007642, 2.946661944999505, 2.840283780999016, 3.5006738970005244, 3.060440427001595, 2.693807730000117, 3.249985303002177, 2.736982980000903, 2.5174510309989273, 2.7808918280024955, 2.7221016780022183, 2.68770605300233, 2.8848579330006032, 2.904647611998371, 3.0697176239991677, 2.5473850919988763],
            "borderColor": "#3D5A80",
            "backgroundColor": "#3D5A8030",
            "fill": false,
            "pointRadius": 0,
            "pointHoverRadius": 6
        },
        {
            "label": "Hash Table",